2364,The Hon. Mandakini Varman,hon_varman_mandakini_the@auer.biz,male,inactive
2363,Leela Varma,leela_varma@wehner-halvorson.co,female,active
2362,Datta Embranthiri,embranthiri_datta@waelchi.io,male,active
2361,Archan Nehru VM,vm_archan_nehru@frami.io,male,inactive
2360,Msgr. Acaryatanaya Sinha,msgr_acaryatanaya_sinha@ernser-ward.com,male,inactive
2359,Chandramohan Tagore Jr.,jr_chandramohan_tagore@legros.net,male,inactive
2358,Yoginder Gupta,gupta_yoginder@hand.org,female,inactive
2357,Chanda Varman,varman_chanda@altenwerth-koss.info,female,inactive
2356,Anang Dhawan,dhawan_anang@satterfield.co,female,inactive
2355,Darshan Pandey I,i_pandey_darshan@harvey.biz,female,inactive
2354,Pres. Diptendu Marar,pres_diptendu_marar@williamson-pouros.co,female,inactive
2353,Jaimini Mehrotra,jaimini_mehrotra@kihn.net,male,inactive
2351,Deveshwar Namboothiri,deveshwar_namboothiri@sipes-nicolas.io,female,inactive
2350,Mr. Aryan Arora,arora_mr_aryan@weimann.com,male,inactive
2349,Aadinath Shah,aadinath_shah@emard.co,female,inactive
2348,Aishani Khatri,aishani_khatri@lakin.net,male,active
2347,Urmila Verma,urmila_verma@abshire.biz,female,inactive
2346,Arjun Rana,arjun_rana@bruen.name,female,inactive
2344,Shresthi Kapoor,shresthi_kapoor@kertzmann.com,male,inactive
2343,Chinmayananda Reddy III,iii_chinmayananda_reddy@wintheiser.org,female,active
2389,Sen. Manikya Verma,verma_manikya_sen@hintz.net,female,active
2388,Radha Bhattathiri V,bhattathiri_v_radha@larson-kuphal.name,female,inactive
2387,Gajbaahu Khatri,gajbaahu_khatri@wuckert.io,male,active
2386,Rohan Patil,patil_rohan@herzog.info,female,active
2383,Kumuda Dwivedi,dwivedi_kumuda@kessler.info,male,active
2382,Baala Kakkar,kakkar_baala@johns.co,male,active
2381,Mr. Menaka Desai,mr_desai_menaka@marvin.com,female,inactive
2379,Chatur Varrier,chatur_varrier@rogahn.com,female,active
2378,Anjushri Menon PhD,anjushri_menon_phd@lesch-jones.info,male,inactive
2377,Rep. Som Varrier,varrier_rep_som@bashirian-swift.name,male,active
2376,Sweta Saini LLD,lld_sweta_saini@raynor.name,female,inactive
2375,Dayaananda Deshpande,deshpande_dayaananda@mcglynn.org,male,inactive
2374,Eekalabya Ganaka,eekalabya_ganaka@kassulke.name,female,active
2373,Dr. Vyas Desai,dr_desai_vyas@swaniawski.info,male,inactive
2372,Subhashini Dubashi,subhashini_dubashi@hartmann.net,male,inactive
2371,Mandakini Tandon,mandakini_tandon@cartwright-gibson.org,male,inactive
2370,Mr. Abhaya Abbott,abbott_abhaya_mr@tremblay.info,male,active
2369,Anil Nambeesan DC,anil_nambeesan_dc@hickle-collins.info,female,active
2368,Suman Nair PhD,nair_phd_suman@nienow-beatty.info,male,inactive
2367,Hiranmay Bhattacharya,bhattacharya_hiranmay@gottlieb-dach.net,female,active
